[
    {
      "lng": "13.4361988",
      "lat": "52.5000968"
    },
    {
      "lng": "13.4331829",
      "lat": "52.4996525"
    },
    {
      "lng": "13.4374031",
      "lat": "52.5034321"
    },
    {
      "lng": "13.441662",
      "lat": "52.5012373"
    },
    {
      "lng": "13.4483764",
      "lat": "52.4975612"
    },
    {
      "lng": "13.4501656",
      "lat": "52.496503"
    },
    {
      "lng": "13.4532735",
      "lat": "52.4946576"
    },
    {
      "lng": "13.4543005",
      "lat": "52.4939267"
    },
    {
      "lng": "13.4729408",
      "lat": "52.4813885"
    },
    {
      "lng": "13.4786502",
      "lat": "52.4775404"
    },
    {
      "lng": "13.464641",
      "lat": "52.4703478"
    },
    {
      "lng": "13.4605243",
      "lat": "52.4681595"
    }
  ]
