{"start":{"addr":"Spielfeld Digital Hub GmbH, Skalitzer Stra\u00dfe, Berlijn, Duitsland","name":"Spielfeld Digital Hub GmbH","details":["Spielfeld Digital Hub GmbH","Skalitzer Stra\u00dfe 85\/86, 10997 Berlin, Germany"],"lat":52.500343,"lng":13.4361023},"end":{"addr":"Luchthaven Berlin-Sch\u00f6nefeld, Berlijn, Duitsland","name":"Luchthaven Berlin-Sch\u00f6nefeld","details":["Berlin Sch\u00f6nefeld Airport","Flughafen Sch\u00f6nefeld, 12521 Berlin, Germany"],"lat":52.3854411,"lng":13.5216148},"dest":[{"addr":"Spielfeld Digital Hub GmbH, Skalitzer Stra\u00dfe, Berlijn, Duitsland","name":"Spielfeld Digital Hub GmbH","details":["Spielfeld Digital Hub GmbH","Skalitzer Stra\u00dfe 85\/86, 10997 Berlin, Germany"],"lat":52.500343,"lng":13.4361023},{"addr":"Luchthaven Berlin-Sch\u00f6nefeld, Berlijn, Duitsland","name":"Luchthaven Berlin-Sch\u00f6nefeld","details":["Berlin Sch\u00f6nefeld Airport","Flughafen Sch\u00f6nefeld, 12521 Berlin, Germany"],"lat":52.3854411,"lng":13.5216148}],"countries":["DE"],"mode":"driving","points":[{"lng":13.4361988,"lat":52.5000968,"type":"waypoint","polyline":"s|l_Igg_qA`@~Ev@zJ","dir":"Head <b>west<\/b> on <b>Skalitzer Str.<\/b> toward <b>Zeughofstra\u00dfe<\/b>","dist":{"val":210,"txt":"0.2 km","total":210},"timeto":{"val":24,"txt":"1 min"}},{"lng":13.43508,"lat":52.49993},{"lng":13.43318,"lat":52.49965},{"lng":13.4331829,"lat":52.4996525,"type":"waypoint","polyline":"yyl_Ikt~pAOAC?A?CAAACAACCA}BqCUU]a@mC_D}D_FeC{CiAwA","dir":"Turn <b>right<\/b> onto <b>Zeughofstra\u00dfe<\/b>","step":"turn-right","nextturn":"turn-right","dist":{"val":510,"txt":"0.5 km","total":720},"timeto":{"val":97,"txt":"2 mins"}},{"lng":13.43319,"lat":52.49973},{"lng":13.43319,"lat":52.49975},{"lng":13.43319,"lat":52.49976},{"lng":13.4332,"lat":52.49978},{"lng":13.43321,"lat":52.49979},{"lng":13.43322,"lat":52.49981},{"lng":13.43324,"lat":52.49982},{"lng":13.43325,"lat":52.49984},{"lng":13.43398,"lat":52.50047},{"lng":13.43409,"lat":52.50058},{"lng":13.43426,"lat":52.50073},{"lng":13.43506,"lat":52.50144},{"lng":13.43618,"lat":52.50239},{"lng":13.43696,"lat":52.50306},{"lng":13.4374,"lat":52.50343},{"lng":13.4374031,"lat":52.5034321,"type":"waypoint","polyline":"mqm_Iwn_qA|@yBL[vBeF@CtAcD`AaC^}@N_@JYZu@","dir":"Turn <b>right<\/b> onto <b>K\u00f6penicker Str.<\/b>","step":"turn-right","nextturn":"turn-right","dist":{"val":378,"txt":"0.4 km","total":1098},"timeto":{"val":64,"txt":"1 min"}},{"lng":13.43801,"lat":52.50312},{"lng":13.43815,"lat":52.50305},{"lng":13.4393,"lat":52.50245},{"lng":13.43932,"lat":52.50244},{"lng":13.44014,"lat":52.50201},{"lng":13.44079,"lat":52.50168},{"lng":13.4411,"lat":52.50152},{"lng":13.44126,"lat":52.50144},{"lng":13.44139,"lat":52.50138},{"lng":13.44166,"lat":52.50124},{"lng":13.441662,"lat":52.5012373,"type":"waypoint","polyline":"wcm_Iki`qAr@aBTi@N_@p@_B|AuD~BsF`@}@nEmJbC}E","dir":"Continue onto <b>Schlesische Str.<\/b>","dist":{"val":612,"txt":"0.6 km","total":1710},"timeto":{"val":94,"txt":"2 mins"}},{"lng":13.44215,"lat":52.50098},{"lng":13.44236,"lat":52.50087},{"lng":13.44252,"lat":52.50079},{"lng":13.443,"lat":52.50054},{"lng":13.44391,"lat":52.50007},{"lng":13.44513,"lat":52.49943},{"lng":13.44544,"lat":52.49926},{"lng":13.44727,"lat":52.49822},{"lng":13.44838,"lat":52.49756},{"lng":13.4483764,"lat":52.4975612,"type":"waypoint","polyline":"wll_IksaqAHOFIZq@DGJUrAmCPa@DGTe@FKHQ","dir":"Continue onto <b>Vor dem Schlesischen Tor<\/b>","dist":{"val":169,"txt":"0.2 km","total":1879},"timeto":{"val":25,"txt":"1 min"}},{"lng":13.44846,"lat":52.49751},{"lng":13.44851,"lat":52.49747},{"lng":13.44876,"lat":52.49733},{"lng":13.4488,"lat":52.4973},{"lng":13.44891,"lat":52.49724},{"lng":13.44962,"lat":52.49682},{"lng":13.44979,"lat":52.49673},{"lng":13.44983,"lat":52.4967},{"lng":13.45002,"lat":52.49659},{"lng":13.45008,"lat":52.49655},{"lng":13.45017,"lat":52.4965},{"lng":13.4501656,"lat":52.496503,"type":"waypoint","polyline":"cfl_Iq~aqAx@_B~@kBfBqD|BsENY","dir":"Continue onto <b>Puschkinallee<\/b>","dist":{"val":294,"txt":"0.3 km","total":2173},"timeto":{"val":41,"txt":"1 min"}},{"lng":13.45065,"lat":52.49621},{"lng":13.45119,"lat":52.49589},{"lng":13.45208,"lat":52.49537},{"lng":13.45314,"lat":52.49474},{"lng":13.45327,"lat":52.49466},{"lng":13.4532735,"lat":52.4946576,"type":"waypoint","polyline":"szk_I}qbqAJCFCFGFKVc@tAmC","dir":"Slight <b>right<\/b> to stay on <b>Puschkinallee<\/b>","step":"turn-slight-right","nextturn":"turn-slight-right","dist":{"val":109,"txt":"0.1 km","total":2282},"timeto":{"val":23,"txt":"1 min"}},{"lng":13.45329,"lat":52.4946},{"lng":13.45331,"lat":52.49456},{"lng":13.45335,"lat":52.49452},{"lng":13.45341,"lat":52.49448},{"lng":13.45359,"lat":52.49436},{"lng":13.4543,"lat":52.49393},{"lng":13.4543005,"lat":52.4939267,"type":"waypoint","polyline":"avk_IkxbqA^q@tAcClBiDhDyF\\k@HOL[JOd@u@Xe@bBwC~@_BtA_CrAuBbDgFnBgDfEgH`@m@f@{@FKb@q@DIj@aAzEgInEuH|CkFdCaE`CeEHMXe@Ta@`AcBJQNY","dir":"Continue onto <b>Am Treptower Park<\/b>","dist":{"val":1881,"txt":"1.9 km","total":4163},"timeto":{"val":188,"txt":"3 mins"}},{"lng":13.45455,"lat":52.49377},{"lng":13.45521,"lat":52.49334},{"lng":13.45606,"lat":52.49279},{"lng":13.45731,"lat":52.49194},{"lng":13.45753,"lat":52.49179},{"lng":13.45761,"lat":52.49174},{"lng":13.45775,"lat":52.49167},{"lng":13.45783,"lat":52.49161},{"lng":13.4581,"lat":52.49142},{"lng":13.45829,"lat":52.49129},{"lng":13.45905,"lat":52.49079},{"lng":13.45953,"lat":52.49047},{"lng":13.46017,"lat":52.49004},{"lng":13.46076,"lat":52.48962},{"lng":13.46192,"lat":52.4888},{"lng":13.46276,"lat":52.48824},{"lng":13.46424,"lat":52.48724},{"lng":13.46447,"lat":52.48707},{"lng":13.46477,"lat":52.48687},{"lng":13.46483,"lat":52.48683},{"lng":13.46508,"lat":52.48665},{"lng":13.46513,"lat":52.48662},{"lng":13.46546,"lat":52.4864},{"lng":13.4671,"lat":52.4853},{"lng":13.46865,"lat":52.48426},{"lng":13.46983,"lat":52.48347},{"lng":13.4708,"lat":52.4828},{"lng":13.47179,"lat":52.48215},{"lng":13.47186,"lat":52.4821},{"lng":13.47205,"lat":52.48197},{"lng":13.47222,"lat":52.48186},{"lng":13.47272,"lat":52.48153},{"lng":13.47281,"lat":52.48147},{"lng":13.47294,"lat":52.48139},{"lng":13.4729408,"lat":52.4813885,"type":"waypoint","polyline":"ugi_I{lfqA^m@@GhAkBnAuBdBsChB{CdHsLr@mAJSNW","dir":"Continue onto <b>K\u00f6penicker Landstra\u00dfe<\/b>\/<b>B96a<\/b>","dist":{"val":577,"txt":"0.6 km","total":4740},"timeto":{"val":48,"txt":"1 min"}},{"lng":13.47317,"lat":52.48123},{"lng":13.47321,"lat":52.48122},{"lng":13.47375,"lat":52.48085},{"lng":13.47434,"lat":52.48045},{"lng":13.47508,"lat":52.47994},{"lng":13.47586,"lat":52.47941},{"lng":13.47804,"lat":52.47794},{"lng":13.47843,"lat":52.47768},{"lng":13.47853,"lat":52.47762},{"lng":13.47865,"lat":52.47754},{"lng":13.4786502,"lat":52.4775404,"type":"waypoint","polyline":"soh_IqpgqAd@fAlClGf@hALZDHJZFLN`@BFZp@pBxEzAnDp@|A`@~@pAxCFLP`@d@fADJp@`BVp@Rf@^x@t@dBHR|@tB@DLXNXRnALd@FVv@jBrA~Cn@rA`@`AxAlDp@`B","dir":"Turn <b>right<\/b> onto <b>Dammweg<\/b>","step":"turn-right","nextturn":"turn-right","dist":{"val":1243,"txt":"1.2 km","total":5983},"timeto":{"val":161,"txt":"3 mins"}},{"lng":13.47829,"lat":52.47735},{"lng":13.47694,"lat":52.47664},{"lng":13.47657,"lat":52.47644},{"lng":13.47643,"lat":52.47637},{"lng":13.47638,"lat":52.47634},{"lng":13.47624,"lat":52.47628},{"lng":13.47617,"lat":52.47624},{"lng":13.476,"lat":52.47616},{"lng":13.47596,"lat":52.47614},{"lng":13.47571,"lat":52.476},{"lng":13.47462,"lat":52.47543},{"lng":13.47374,"lat":52.47497},{"lng":13.47327,"lat":52.47472},{"lng":13.47295,"lat":52.47455},{"lng":13.47218,"lat":52.47414},{"lng":13.47211,"lat":52.4741},{"lng":13.47194,"lat":52.47401},{"lng":13.47158,"lat":52.47382},{"lng":13.47152,"lat":52.47379},{"lng":13.47103,"lat":52.47354},{"lng":13.47078,"lat":52.47342},{"lng":13.47058,"lat":52.47332},{"lng":13.47029,"lat":52.47316},{"lng":13.46978,"lat":52.47289},{"lng":13.46968,"lat":52.47284},{"lng":13.46909,"lat":52.47253},{"lng":13.46906,"lat":52.47252},{"lng":13.46893,"lat":52.47245},{"lng":13.4688,"lat":52.47237},{"lng":13.4684,"lat":52.47227},{"lng":13.46821,"lat":52.4722},{"lng":13.46809,"lat":52.47216},{"lng":13.46755,"lat":52.47188},{"lng":13.46675,"lat":52.47146},{"lng":13.46633,"lat":52.47122},{"lng":13.466,"lat":52.47105},{"lng":13.46513,"lat":52.4706},{"lng":13.46464,"lat":52.47035},{"lng":13.464641,"lat":52.4703478,"type":"waypoint","polyline":"ubg_I_ydqAN^Zt@r@dB@@n@xATl@|@rBFRP`@BDRf@xAdDp@xAPX","dir":"Continue onto <b>Grenzallee<\/b>","dist":{"val":370,"txt":"0.4 km","total":6353},"timeto":{"val":62,"txt":"1 min"}},{"lng":13.46448,"lat":52.47027},{"lng":13.46421,"lat":52.47013},{"lng":13.4637,"lat":52.46987},{"lng":13.46369,"lat":52.46986},{"lng":13.46324,"lat":52.46962},{"lng":13.46301,"lat":52.46951},{"lng":13.46243,"lat":52.4692},{"lng":13.46233,"lat":52.46916},{"lng":13.46216,"lat":52.46907},{"lng":13.46213,"lat":52.46905},{"lng":13.46193,"lat":52.46895},{"lng":13.4611,"lat":52.4685},{"lng":13.46065,"lat":52.46825},{"lng":13.46052,"lat":52.46816},{"lng":13.4605243,"lat":52.4681595,"type":"waypoint","polyline":"_uf_Ig_dqAJ[L[Rg@Na@hFyKv@eBhFyK\\o@","dir":"Turn <b>left<\/b> onto <b>Neuk\u00f6llnische Allee<\/b>","step":"turn-left","nextturn":"turn-left","dist":{"val":506,"txt":"0.5 km","total":6859},"timeto":{"val":65,"txt":"1 min"}},{"lng":13.46066,"lat":52.4681},{"lng":13.4608,"lat":52.46803},{"lng":13.461,"lat":52.46793},{"lng":13.46117,"lat":52.46785},{"lng":13.46322,"lat":52.46668},{"lng":13.46373,"lat":52.4664},{"lng":13.46578,"lat":52.46523},{"lng":13.46602,"lat":52.46508},{"lng":13.4660249,"lat":52.4650836,"type":"waypoint","polyline":"waf_IsaeqAdDtFnAzBbAjBdC~GBHHPzBpG","dir":"Turn <b>right<\/b> onto <b>Haberstra\u00dfe<\/b>","step":"turn-right","nextturn":"turn-right","dist":{"val":490,"txt":"0.5 km","total":7349},"timeto":{"val":51,"txt":"1 min"}},{"lng":13.46479,"lat":52.46425},{"lng":13.46417,"lat":52.46385},{"lng":13.46363,"lat":52.46351},{"lng":13.46219,"lat":52.46284},{"lng":13.46214,"lat":52.46282},{"lng":13.46205,"lat":52.46277},{"lng":13.46068,"lat":52.46215},{"lng":13.4606804,"lat":52.4621451,"type":"waypoint","polyline":"moe_Ig`dqA[d@]b@aChDaC~Cy@dA[b@mAlBKJWZk@r@EHK`@","dir":"Turn <b>right<\/b> onto <b>Bergiusstra\u00dfe<\/b>","step":"turn-right","nextturn":"turn-right","dist":{"val":413,"txt":"0.4 km","total":7762},"timeto":{"val":71,"txt":"1 min"}},{"lng":13.46049,"lat":52.46229},{"lng":13.46031,"lat":52.46244},{"lng":13.45946,"lat":52.46309},{"lng":13.45866,"lat":52.46374},{"lng":13.45831,"lat":52.46403},{"lng":13.45813,"lat":52.46417},{"lng":13.45758,"lat":52.46456},{"lng":13.45752,"lat":52.46462},{"lng":13.45738,"lat":52.46474},{"lng":13.45712,"lat":52.46496},{"lng":13.45707,"lat":52.46499},{"lng":13.4569,"lat":52.46505},{"lng":13.4569048,"lat":52.4650541,"type":"waypoint","polyline":"qaf_IshcqAKJGLtAnC","dir":"Turn <b>left<\/b>","step":"turn-left","nextturn":"turn-left","dist":{"val":83,"txt":"83 m","total":7845},"timeto":{"val":20,"txt":"1 min"}},{"lng":13.45684,"lat":52.46511},{"lng":13.45677,"lat":52.46515},{"lng":13.45605,"lat":52.46472},{"lng":13.4560499,"lat":52.4647192,"type":"waypoint","polyline":"o_f_IiccqAJ`AF\\BVD^Dx@BZBXFXDVFVJZFPFLNXRXJLTPTNXJXHT@R?NCPETIZS^[V_@Te@\\{@Vs@LUHQLSLSV_@BGNc@x@q@b@_@jBwAdA{@xAiAb@[lB}Ap@g@JILKXSzAmAlAaAxAgAlEsCVOdAm@lAq@v@a@dB}@rBaAtFuCh@[`Ai@z@i@n@e@n@g@z@u@fAgAV[d@k@v@eAb@o@Va@`@s@p@mAr@{AZu@Zs@FQVm@`AeClRcg@zA}DlCaHrCuHp@cBnBaF`FsMhD{I|EqM|AeErEaMp@kBPe@xEgM|BaGtBuFL]bAiCzC_I\\{@bAgCFOTk@BG@CdEkKxDuJhBqEl@_BfAoCx@sBz@{Bb@sAd@}Ah@mBb@iBRy@^sBf@{CTgBVgCLkAPuBPiDP}D@a@?A@a@L_DF{ALwBJ}ALaBRgBFg@DYNcARkAPy@Nk@Pm@Pm@L_@L[^}@j@kAT_@h@y@h@q@RSd@g@n@g@fAs@pBw@t@SlAUb@EXCTABAh@CF?nBE~B?~@DhA@xA?N?dAC~@G~@I|@O`AS`AQrBc@fAYpD}@rBg@@?fCg@\\GzAW|BWxBMl@AH?`ACV?J?H@X?`A@`ADt@B~BNvBVzBd@dAZ@?tBl@zBr@~B~@rElBhAd@rAb@|@RbB\\x@N^Fx@FnBL|@@hABt@B`AFfAHz@N~@Rr@Vh@P^P^NZPbAl@FD`DtBj@\\h@TJDZL\\Hz@Pb@D`@@`@@PAl@CLAPC\\I`@Kx@[RIHGTKh@]ZWh@g@","dir":"Keep <b>right<\/b> at the fork, follow signs for <b>A113<\/b>\/<b>E36<\/b>\/<b>Magdeburg Leipzig<\/b>\/<b>Dresden<\/b>\/<b>Frankfurt (Oder)<\/b>\/<b>Treptow<\/b>\/<b>Flughafen Sch\u00f6nefeld<\/b> and merge onto <b>A113<\/b>\/<b>E36<\/b><div style=\"font-size:0.9em\">Continue to follow A113<\/div>","step":"fork-right","nextturn":"fork-right","dist":{"val":10043,"txt":"10.0 km","total":17888},"timeto":{"val":452,"txt":"8 mins"}},{"lng":13.45572,"lat":52.46466},{"lng":13.45557,"lat":52.46462},{"lng":13.45545,"lat":52.4646},{"lng":13.45529,"lat":52.46457},{"lng":13.455,"lat":52.46454},{"lng":13.45486,"lat":52.46452},{"lng":13.45473,"lat":52.4645},{"lng":13.4546,"lat":52.46446},{"lng":13.45448,"lat":52.46443},{"lng":13.45436,"lat":52.46439},{"lng":13.45422,"lat":52.46433},{"lng":13.45413,"lat":52.46429},{"lng":13.45406,"lat":52.46425},{"lng":13.45393,"lat":52.46417},{"lng":13.4538,"lat":52.46407},{"lng":13.45373,"lat":52.46401},{"lng":13.45364,"lat":52.4639},{"lng":13.45356,"lat":52.46379},{"lng":13.4535,"lat":52.46366},{"lng":13.45345,"lat":52.46353},{"lng":13.45344,"lat":52.46342},{"lng":13.45344,"lat":52.46332},{"lng":13.45346,"lat":52.46324},{"lng":13.45349,"lat":52.46315},{"lng":13.45354,"lat":52.46304},{"lng":13.45364,"lat":52.4629},{"lng":13.45378,"lat":52.46274},{"lng":13.45394,"lat":52.46262},{"lng":13.45413,"lat":52.46251},{"lng":13.45443,"lat":52.46236},{"lng":13.45469,"lat":52.46224},{"lng":13.4548,"lat":52.46217},{"lng":13.45489,"lat":52.46212},{"lng":13.45499,"lat":52.46205},{"lng":13.45509,"lat":52.46198},{"lng":13.45525,"lat":52.46186},{"lng":13.45529,"lat":52.46184},{"lng":13.45547,"lat":52.46176},{"lng":13.45572,"lat":52.46147},{"lng":13.45588,"lat":52.46129},{"lng":13.45632,"lat":52.46075},{"lng":13.45662,"lat":52.4604},{"lng":13.45699,"lat":52.45995},{"lng":13.45713,"lat":52.45977},{"lng":13.4576,"lat":52.45922},{"lng":13.4578,"lat":52.45897},{"lng":13.45785,"lat":52.45891},{"lng":13.45791,"lat":52.45884},{"lng":13.45801,"lat":52.45871},{"lng":13.4584,"lat":52.45825},{"lng":13.45873,"lat":52.45786},{"lng":13.45909,"lat":52.45741},{"lng":13.45983,"lat":52.45638},{"lng":13.45991,"lat":52.45626},{"lng":13.46014,"lat":52.45591},{"lng":13.46039,"lat":52.45552},{"lng":13.46056,"lat":52.45524},{"lng":13.46087,"lat":52.45473},{"lng":13.4612,"lat":52.45415},{"lng":13.46195,"lat":52.45292},{"lng":13.46209,"lat":52.45271},{"lng":13.4623,"lat":52.45238},{"lng":13.46251,"lat":52.45208},{"lng":13.4627,"lat":52.45184},{"lng":13.4629,"lat":52.4516},{"lng":13.46317,"lat":52.4513},{"lng":13.46353,"lat":52.45094},{"lng":13.46367,"lat":52.45082},{"lng":13.46389,"lat":52.45063},{"lng":13.46424,"lat":52.45035},{"lng":13.46448,"lat":52.45017},{"lng":13.46465,"lat":52.45005},{"lng":13.46491,"lat":52.44988},{"lng":13.4653,"lat":52.44963},{"lng":13.46576,"lat":52.44937},{"lng":13.46603,"lat":52.44923},{"lng":13.46629,"lat":52.44909},{"lng":13.46638,"lat":52.44905},{"lng":13.46661,"lat":52.44893},{"lng":13.46728,"lat":52.4486},{"lng":13.4737,"lat":52.44549},{"lng":13.47465,"lat":52.44503},{"lng":13.4761,"lat":52.44432},{"lng":13.47765,"lat":52.44358},{"lng":13.47815,"lat":52.44333},{"lng":13.47928,"lat":52.44277},{"lng":13.48162,"lat":52.44164},{"lng":13.48336,"lat":52.44079},{"lng":13.48569,"lat":52.43968},{"lng":13.48668,"lat":52.43921},{"lng":13.48893,"lat":52.43815},{"lng":13.48947,"lat":52.4379},{"lng":13.48966,"lat":52.43781},{"lng":13.49194,"lat":52.43672},{"lng":13.49323,"lat":52.43609},{"lng":13.49446,"lat":52.4355},{"lng":13.49461,"lat":52.43543},{"lng":13.4953,"lat":52.43509},{"lng":13.4969,"lat":52.43431},{"lng":13.4972,"lat":52.43416},{"lng":13.49788,"lat":52.43382},{"lng":13.49796,"lat":52.43378},{"lng":13.49818,"lat":52.43367},{"lng":13.49822,"lat":52.43365},{"lng":13.49824,"lat":52.43364},{"lng":13.50022,"lat":52.43265},{"lng":13.50209,"lat":52.43172},{"lng":13.50314,"lat":52.43119},{"lng":13.50362,"lat":52.43096},{"lng":13.50434,"lat":52.4306},{"lng":13.50492,"lat":52.43031},{"lng":13.50554,"lat":52.43001},{"lng":13.50596,"lat":52.42983},{"lng":13.50643,"lat":52.42964},{"lng":13.50698,"lat":52.42943},{"lng":13.50751,"lat":52.42925},{"lng":13.5078,"lat":52.42915},{"lng":13.50838,"lat":52.42899},{"lng":13.50916,"lat":52.42879},{"lng":13.50968,"lat":52.42868},{"lng":13.51036,"lat":52.42856},{"lng":13.51074,"lat":52.42849},{"lng":13.51133,"lat":52.4284},{"lng":13.51218,"lat":52.42831},{"lng":13.51313,"lat":52.42822},{"lng":13.5133,"lat":52.42821},{"lng":13.51331,"lat":52.42821},{"lng":13.51348,"lat":52.4282},{"lng":13.51428,"lat":52.42813},{"lng":13.51474,"lat":52.42809},{"lng":13.51534,"lat":52.42802},{"lng":13.51581,"lat":52.42796},{"lng":13.5163,"lat":52.42789},{"lng":13.51682,"lat":52.42779},{"lng":13.51702,"lat":52.42775},{"lng":13.51715,"lat":52.42772},{"lng":13.51749,"lat":52.42764},{"lng":13.51787,"lat":52.42754},{"lng":13.51816,"lat":52.42745},{"lng":13.51838,"lat":52.42737},{"lng":13.51861,"lat":52.42728},{"lng":13.51884,"lat":52.42719},{"lng":13.519,"lat":52.42712},{"lng":13.51914,"lat":52.42705},{"lng":13.51945,"lat":52.42689},{"lng":13.51983,"lat":52.42667},{"lng":13.51999,"lat":52.42656},{"lng":13.52028,"lat":52.42635},{"lng":13.52053,"lat":52.42614},{"lng":13.52063,"lat":52.42604},{"lng":13.52083,"lat":52.42585},{"lng":13.52103,"lat":52.42561},{"lng":13.52129,"lat":52.42525},{"lng":13.52157,"lat":52.42468},{"lng":13.52167,"lat":52.42441},{"lng":13.52178,"lat":52.42402},{"lng":13.52181,"lat":52.42384},{"lng":13.52183,"lat":52.42371},{"lng":13.52184,"lat":52.4236},{"lng":13.52185,"lat":52.42358},{"lng":13.52187,"lat":52.42337},{"lng":13.52187,"lat":52.42333},{"lng":13.5219,"lat":52.42277},{"lng":13.5219,"lat":52.42213},{"lng":13.52187,"lat":52.42181},{"lng":13.52186,"lat":52.42144},{"lng":13.52186,"lat":52.42099},{"lng":13.52186,"lat":52.42091},{"lng":13.52188,"lat":52.42056},{"lng":13.52192,"lat":52.42024},{"lng":13.52197,"lat":52.41992},{"lng":13.52205,"lat":52.41961},{"lng":13.52215,"lat":52.41928},{"lng":13.52224,"lat":52.41895},{"lng":13.52242,"lat":52.41837},{"lng":13.52255,"lat":52.41801},{"lng":13.52286,"lat":52.41712},{"lng":13.52306,"lat":52.41654},{"lng":13.52306,"lat":52.41653},{"lng":13.52326,"lat":52.41585},{"lng":13.5233,"lat":52.4157},{"lng":13.52342,"lat":52.41524},{"lng":13.52354,"lat":52.41461},{"lng":13.52361,"lat":52.414},{"lng":13.52362,"lat":52.41377},{"lng":13.52362,"lat":52.41372},{"lng":13.52364,"lat":52.41339},{"lng":13.52364,"lat":52.41327},{"lng":13.52364,"lat":52.41321},{"lng":13.52363,"lat":52.41316},{"lng":13.52363,"lat":52.41303},{"lng":13.52362,"lat":52.4127},{"lng":13.52359,"lat":52.41237},{"lng":13.52357,"lat":52.4121},{"lng":13.52349,"lat":52.41146},{"lng":13.52337,"lat":52.41086},{"lng":13.52318,"lat":52.41024},{"lng":13.52304,"lat":52.40989},{"lng":13.52304,"lat":52.40988},{"lng":13.52281,"lat":52.40929},{"lng":13.52255,"lat":52.40867},{"lng":13.52223,"lat":52.40803},{"lng":13.52168,"lat":52.40697},{"lng":13.52149,"lat":52.4066},{"lng":13.52131,"lat":52.40618},{"lng":13.52121,"lat":52.40587},{"lng":13.52106,"lat":52.40537},{"lng":13.52098,"lat":52.40508},{"lng":13.52094,"lat":52.40492},{"lng":13.5209,"lat":52.40463},{"lng":13.52083,"lat":52.40407},{"lng":13.52082,"lat":52.40376},{"lng":13.5208,"lat":52.40339},{"lng":13.52078,"lat":52.40312},{"lng":13.52074,"lat":52.40279},{"lng":13.52069,"lat":52.40243},{"lng":13.52061,"lat":52.40213},{"lng":13.52051,"lat":52.40181},{"lng":13.52039,"lat":52.40155},{"lng":13.5203,"lat":52.40134},{"lng":13.52021,"lat":52.40118},{"lng":13.52013,"lat":52.40102},{"lng":13.52004,"lat":52.40088},{"lng":13.51981,"lat":52.40054},{"lng":13.51978,"lat":52.4005},{"lng":13.51919,"lat":52.39969},{"lng":13.51904,"lat":52.39947},{"lng":13.51893,"lat":52.39926},{"lng":13.5189,"lat":52.3992},{"lng":13.51883,"lat":52.39906},{"lng":13.51878,"lat":52.39891},{"lng":13.51869,"lat":52.39861},{"lng":13.51866,"lat":52.39843},{"lng":13.51865,"lat":52.39826},{"lng":13.51864,"lat":52.39809},{"lng":13.51865,"lat":52.398},{"lng":13.51867,"lat":52.39777},{"lng":13.51868,"lat":52.3977},{"lng":13.5187,"lat":52.39761},{"lng":13.51875,"lat":52.39746},{"lng":13.51881,"lat":52.39729},{"lng":13.51895,"lat":52.397},{"lng":13.519,"lat":52.3969},{"lng":13.51904,"lat":52.39685},{"lng":13.5191,"lat":52.39674},{"lng":13.51925,"lat":52.39653},{"lng":13.51937,"lat":52.39639},{"lng":13.51957,"lat":52.39618},{"lng":13.5195705,"lat":52.3961785,"type":"waypoint","polyline":"csx~HipoqATCDAJGRSf@a@l@i@ROTI","dir":"Take exit <b>7-Sch\u00f6nefeld-S\u00fcd<\/b> toward <b>7<\/b>\/<b>Sch\u00f6nefeld-S\u00fcd<\/b>\/<b>Flughafen Sch\u00f6nefeld<\/b>\/<b>B96a<\/b>","step":"ramp-right","nextturn":"ramp-right","dist":{"val":115,"txt":"0.1 km","total":18003},"timeto":{"val":6,"txt":"1 min"}},{"lng":13.51959,"lat":52.39607},{"lng":13.5196,"lat":52.39604},{"lng":13.51964,"lat":52.39598},{"lng":13.51974,"lat":52.39588},{"lng":13.51991,"lat":52.39568},{"lng":13.52012,"lat":52.39545},{"lng":13.5202,"lat":52.39535},{"lng":13.52025,"lat":52.39524},{"lng":13.5202535,"lat":52.3952433,"type":"waypoint","polyline":"gmx~HqtoqA|@cA|@aAvAwAh@q@X[TUh@i@b@e@VW","dir":"Merge onto <b>Altglienicker Chaussee<\/b>","step":"merge","nextturn":"merge","dist":{"val":267,"txt":"0.3 km","total":18270},"timeto":{"val":24,"txt":"1 min"}},{"lng":13.52059,"lat":52.39493},{"lng":13.52092,"lat":52.39462},{"lng":13.52136,"lat":52.39418},{"lng":13.52161,"lat":52.39397},{"lng":13.52175,"lat":52.39384},{"lng":13.52186,"lat":52.39373},{"lng":13.52207,"lat":52.39352},{"lng":13.52226,"lat":52.39334},{"lng":13.52238,"lat":52.39322},{"lng":13.5223779,"lat":52.393223,"type":"waypoint","polyline":"s`x~H{apqATMHCHEDAF?B@@@DBHLFj@BXF`@D`@J~@J|@Jx@PrAV|ARrA@JF`@@FHj@Nz@Fd@RtAFf@","dir":"Turn <b>right<\/b> onto <b>Am Seegraben<\/b>\/<b>B96a<\/b>","step":"turn-right","nextturn":"turn-right","dist":{"val":374,"txt":"0.4 km","total":18644},"timeto":{"val":60,"txt":"1 min"}},{"lng":13.52245,"lat":52.39311},{"lng":13.52247,"lat":52.39306},{"lng":13.5225,"lat":52.39301},{"lng":13.52251,"lat":52.39298},{"lng":13.52251,"lat":52.39294},{"lng":13.5225,"lat":52.39292},{"lng":13.52249,"lat":52.39291},{"lng":13.52247,"lat":52.39288},{"lng":13.5224,"lat":52.39283},{"lng":13.52218,"lat":52.39279},{"lng":13.52205,"lat":52.39277},{"lng":13.52188,"lat":52.39273},{"lng":13.52171,"lat":52.3927},{"lng":13.52139,"lat":52.39264},{"lng":13.52108,"lat":52.39258},{"lng":13.52079,"lat":52.39252},{"lng":13.52037,"lat":52.39243},{"lng":13.5199,"lat":52.39231},{"lng":13.51948,"lat":52.39221},{"lng":13.51942,"lat":52.3922},{"lng":13.51925,"lat":52.39216},{"lng":13.51921,"lat":52.39215},{"lng":13.51899,"lat":52.3921},{"lng":13.51869,"lat":52.39202},{"lng":13.5185,"lat":52.39198},{"lng":13.51807,"lat":52.39188},{"lng":13.51787,"lat":52.39184},{"lng":13.5178721,"lat":52.3918375,"type":"waypoint","polyline":"_xw~HueoqAUPSLQHQH]J","dir":"Turn <b>right<\/b> onto <b>Waltersdorfer Chaussee<\/b>","step":"turn-right","nextturn":"turn-right","dist":{"val":64,"txt":"64 m","total":18708},"timeto":{"val":11,"txt":"1 min"}},{"lng":13.51778,"lat":52.39195},{"lng":13.51771,"lat":52.39205},{"lng":13.51766,"lat":52.39214},{"lng":13.51761,"lat":52.39223},{"lng":13.51755,"lat":52.39238},{"lng":13.5175535,"lat":52.3923782,"type":"waypoint","polyline":"k{w~HucoqA[ZKPO^b@`A^x@z@dBDJDDDDB@H@J?J?JCJEVMPE","dir":"Slight <b>left<\/b> to stay on <b>Waltersdorfer Chaussee<\/b>","step":"turn-slight-left","nextturn":"turn-slight-left","dist":{"val":217,"txt":"0.2 km","total":18925},"timeto":{"val":52,"txt":"1 min"}},{"lng":13.51741,"lat":52.39252},{"lng":13.51732,"lat":52.39258},{"lng":13.51716,"lat":52.39266},{"lng":13.51683,"lat":52.39248},{"lng":13.51654,"lat":52.39232},{"lng":13.51603,"lat":52.39202},{"lng":13.51597,"lat":52.39199},{"lng":13.51594,"lat":52.39196},{"lng":13.51591,"lat":52.39193},{"lng":13.5159,"lat":52.39191},{"lng":13.51589,"lat":52.39186},{"lng":13.51589,"lat":52.3918},{"lng":13.51589,"lat":52.39174},{"lng":13.51591,"lat":52.39168},{"lng":13.51594,"lat":52.39162},{"lng":13.51601,"lat":52.3915},{"lng":13.51604,"lat":52.39141},{"lng":13.5160426,"lat":52.3914135,"type":"waypoint","polyline":"iuw~HgznqARMMu@AKIg@Km@]_CSsAIe@_@aCSyAcA{GIm@Ga@Ea@I}@","dir":"Turn <b>left<\/b> onto <b>Am Seegraben<\/b>\/<b>B96a<\/b>","step":"turn-left","nextturn":"turn-left","dist":{"val":405,"txt":"0.4 km","total":19330},"timeto":{"val":52,"txt":"1 min"}},{"lng":13.51611,"lat":52.39131},{"lng":13.51638,"lat":52.39138},{"lng":13.51644,"lat":52.39139},{"lng":13.51664,"lat":52.39144},{"lng":13.51687,"lat":52.3915},{"lng":13.51751,"lat":52.39165},{"lng":13.51793,"lat":52.39175},{"lng":13.51812,"lat":52.3918},{"lng":13.51877,"lat":52.39196},{"lng":13.51922,"lat":52.39206},{"lng":13.52064,"lat":52.3924},{"lng":13.52087,"lat":52.39245},{"lng":13.52104,"lat":52.39249},{"lng":13.52121,"lat":52.39252},{"lng":13.52152,"lat":52.39257},{"lng":13.5215219,"lat":52.3925748,"type":"waypoint","polyline":"q|w~Ho|oqAPMBC@EBO?QASW{CAK?I?I@G@I@EBEDETWZ[bBkB`CiCtAgBjAwAHI","dir":"Turn <b>right<\/b> onto <b>Waltersdorfer Chaussee<\/b>","step":"turn-right","nextturn":"turn-right","dist":{"val":420,"txt":"0.4 km","total":19750},"timeto":{"val":58,"txt":"1 min"}},{"lng":13.52159,"lat":52.39248},{"lng":13.52161,"lat":52.39246},{"lng":13.52164,"lat":52.39245},{"lng":13.52172,"lat":52.39243},{"lng":13.52181,"lat":52.39243},{"lng":13.52191,"lat":52.39244},{"lng":13.52269,"lat":52.39256},{"lng":13.52275,"lat":52.39257},{"lng":13.5228,"lat":52.39257},{"lng":13.52285,"lat":52.39257},{"lng":13.52289,"lat":52.39256},{"lng":13.52294,"lat":52.39255},{"lng":13.52297,"lat":52.39254},{"lng":13.523,"lat":52.39252},{"lng":13.52303,"lat":52.39249},{"lng":13.52315,"lat":52.39238},{"lng":13.52329,"lat":52.39224},{"lng":13.52383,"lat":52.39174},{"lng":13.52452,"lat":52.39109},{"lng":13.52504,"lat":52.39066},{"lng":13.52548,"lat":52.39028},{"lng":13.52553,"lat":52.39023},{"lng":13.5255305,"lat":52.3902264,"type":"waypoint","polyline":"}mw~HqupqADAB?@@BBLLJNJTf@dAP^DHFHLJJF","dir":"Turn <b>right<\/b> to stay on <b>Waltersdorfer Chaussee<\/b>","step":"turn-right","nextturn":"turn-right","dist":{"val":110,"txt":"0.1 km","total":19860},"timeto":{"val":15,"txt":"1 min"}},{"lng":13.52554,"lat":52.3902},{"lng":13.52554,"lat":52.39018},{"lng":13.52553,"lat":52.39017},{"lng":13.52551,"lat":52.39015},{"lng":13.52544,"lat":52.39008},{"lng":13.52536,"lat":52.39002},{"lng":13.52525,"lat":52.38996},{"lng":13.5249,"lat":52.38976},{"lng":13.52474,"lat":52.38967},{"lng":13.52469,"lat":52.38964},{"lng":13.52464,"lat":52.3896},{"lng":13.52458,"lat":52.38953},{"lng":13.52454,"lat":52.38947},{"lng":13.5245399,"lat":52.3894716,"type":"waypoint","polyline":"eiw~HkopqA\\Bn@g@bByAnBaBx@s@dCuB","dir":"Turn <b>left<\/b> onto <b>J\u00fcrgen-Schumann-Allee<\/b>","step":"turn-left","nextturn":"turn-left","dist":{"val":303,"txt":"0.3 km","total":20163},"timeto":{"val":26,"txt":"1 min"}},{"lng":13.52452,"lat":52.38932},{"lng":13.52472,"lat":52.38908},{"lng":13.52517,"lat":52.38858},{"lng":13.52566,"lat":52.38802},{"lng":13.52592,"lat":52.38773},{"lng":13.52651,"lat":52.38706},{"lng":13.5265133,"lat":52.3870557,"type":"waypoint"}],"totaldist":18921,"avoid":{"highways":false,"tolls":false,"ferries":false},"elevation":null,"bounds":{"northeast":{"lat":52.5034321,"lng":13.5265133},"southwest":{"lat":52.3870557,"lng":13.4331829}},"copyright":"Map data \u00a92016 GeoBasis-DE\/BKG (\u00a92009), Google"}